{"cameraMode":{"drawMode":0,"name":"Shaded","section":"Shading Mode"},"sceneLighting":false,"audioPlay":false,"sceneViewState":{"showFog":true,"showMaterialUpdate":false,"showSkybox":true,"showFlares":true,"showImageEffects":true,"showParticleSystems":true},"in2DMode":false,"pivot":{"x":22.0726261138916,"y":7.40203857421875,"z":-0.5019278526306152},"rotation":{"x":-0.19442547857761384,"y":0.7493621706962586,"z":-0.2506706416606903,"w":-0.5812223553657532},"size":17.654193878173829,"orthographic":false}