{"cameraMode":{"drawMode":0,"name":"Shaded","section":"Shading Mode"},"sceneLighting":true,"audioPlay":false,"sceneViewState":{"showFog":true,"showMaterialUpdate":false,"showSkybox":true,"showFlares":true,"showImageEffects":true,"showParticleSystems":true},"in2DMode":false,"pivot":{"x":34.556671142578128,"y":-3.7385482788085939,"z":-77.52334594726563},"rotation":{"x":-0.18604108691215516,"y":-0.6269252300262451,"z":0.15762434899806977,"w":-0.739937961101532},"size":223.078857421875,"orthographic":false}